a,"aa,ab,ac,ad,ae,af,ag,ah,ai,aj,ak,al,am,an,ap,aq,ar,as,at,ay,az,ba,bb,bd,be,bh,bi,bl,bo,br,bs,bt,bu,by,ca,cc,ce,ch,ci,ck,co,cs,cu,cy,cz,da,dd,de,dh,di,dj,dl,do,dr,ds,dt,du,dy,dz,ea,eb,ed,ee,ef,eg,eh,ei,ek,el,em,en,eo,er,es,et,ev,ey,ez,fa,fe,ff,fi,fn,fo,ft,fu,fy,ga,gd,ge,gg,gh,gi,gl,go,gs,gt,gu,gy,ha,hd,he,hf,hi,hj,hk,hl,hm,hn,ho,hr,hs,ht,hu,hy,ia,ib,ic,id,ie,if,ig,ih,ii,ij,ik,il,im,in,io,ip,ir,is,it,iu,ix,iz,ja,jd,je,jh,ji,jj,jk,jm,jo,jr,ju,jy,ka,ke,kh,ki,kk,kl,ko,kr,ks,ku,ky,la,lb,ld,le,lf,lg,li,lj,lk,ll,lm,ln,lo,lp,ls,lt,lu,ly,lz,ma,mb,me,mh,mi,ml,mm,mn,mo,mp,mr,ms,mu,my,mz,na,nc,nd,ne,nf,ng,nh,ni,nk,nn,no,ns,nt,nu,nx,ny,nz,oa,od,oh,oi,ol,on,or,os,ou,oz,pa,pe,pf,ph,pi,po,pp,ps,pt,pu,qi,qq,qr,ra,rb,rc,rd,re,rf,rg,rh,ri,rk,rl,rm,rn,ro,rp,rr,rs,rt,ru,rv,rx,ry,rz,sa,se,sh,si,sk,sl,so,sp,sr,ss,st,su,sy,sz,ta,te,th,ti,tl,to,tr,ts,tt,tu,ty,tz,ua,ub,ud,ue,uf,ug,uh,ui,uk,ul,um,un,up,ur,us,ut,uv,uw,ux,uz,va,ve,vi,vn,vo,vr,vs,vu,vy,wa,we,wf,wh,wi,wk,wl,wn,ws,wt,wy,xa,xe,xi,xl,xn,xs,xt,xx,xy,ya,yb,yd,ye,yf,yi,yk,yl,ym,yn,yo,yr,ys,yt,yu,za,ze,zi,zn,zo,zs,zu,zy,zz"
b,"aa,ab,ac,ad,ae,ag,ah,ai,aj,ak,al,am,an,ao,aq,ar,as,at,au,aw,ax,ay,az,ba,be,bi,bo,bs,by,da,di,do,du,dy,ea,ec,ed,ee,eg,eh,ei,ek,el,em,en,eo,er,es,et,eu,ew,ex,ey,ez,ha,he,hi,hu,ia,ib,ic,id,ie,if,ig,ih,ii,ij,ik,il,im,in,io,ir,is,it,ix,iy,ka,ke,ko,la,le,li,lo,lu,ly,ma,na,ni,no,ny,oa,ob,oc,oe,og,oh,oi,oj,ok,ol,om,on,oo,or,os,ot,ou,ov,ow,ox,oy,oz,ra,re,ri,ro,ru,ry,sa,se,si,st,te,ti,ts,tu,ua,ub,uc,ud,ue,ug,ui,uk,ul,un,ur,us,ut,uu,ux,uy,uz,ye,yk,yl,yn,yr,ys,za"
c,"aa,ab,ad,ah,ai,aj,ak,al,am,an,ao,ap,ar,as,at,au,aw,ax,ay,az,ca,ce,ci,co,de,ea,ed,ee,ef,eg,eh,ei,ek,el,en,eo,er,es,et,eu,ew,ey,ez,ha,he,hi,hl,hn,ho,hs,ht,hu,hy,ia,ic,id,ie,ii,ik,il,in,io,ir,is,it,iu,iw,ja,ka,ke,kh,ki,kl,ko,ks,kt,kx,ky,la,le,lo,ly,ma,ny,oa,ob,oc,od,oe,og,oh,oi,oj,ok,ol,om,on,oo,op,oq,or,os,ot,ou,ow,ox,oy,oz,ra,re,ri,ro,ru,ry,sa,si,so,su,ta,te,to,ua,ub,uc,ud,ue,ui,uk,ul,um,un,up,ur,us,ut,ux,uy,uz,wa,ye,yk,yn,yr,za,ze,zi,zy"
d,"ab,ac,ad,ae,af,ag,ah,ai,aj,ak,al,am,an,ao,ap,ar,as,at,au,av,aw,ax,ay,az,ba,bo,by,da,de,dh,di,do,ds,du,dy,ea,eb,ec,ee,eh,ei,ej,ek,el,em,en,eo,eq,er,es,et,ev,ew,ex,ey,ez,ge,gh,go,gu,gy,ha,he,hg,hi,hu,hy,ia,ib,ic,id,ie,if,ig,ii,ik,il,im,in,io,ip,iq,ir,is,it,ix,iz,ja,je,ji,jo,ka,ke,ko,ky,la,le,li,lo,ly,ma,me,mo,na,ne,ni,no,ny,oa,oc,oe,of,og,oh,oi,ok,ol,om,on,oo,op,or,os,ot,ou,ov,ow,ox,oy,oz,ra,re,ri,ro,ru,ry,sa,se,si,so,sy,te,ts,tz,ua,ub,uc,ud,ue,uf,uh,uk,ul,um,un,uo,up,ur,us,ut,ux,uy,uz,ve,vi,wa,wo,wy,ya,yb,ye,yk,yl,ym,yn,ys,yx,za,ze,zo,zy"
e,"ab,ad,ae,af,ag,ah,ai,ak,al,am,an,ao,ap,ar,as,at,au,av,aw,ax,ay,az,ba,bb,be,bh,bi,bl,bo,bs,bu,by,ca,ce,ch,ci,ck,co,cq,ct,cu,cy,cz,da,dd,de,dh,di,dl,dn,do,dr,ds,dt,du,dy,dz,ea,eb,ed,ef,eg,eh,ej,ek,el,em,en,ep,er,es,et,ev,ey,ez,fa,fe,ff,fi,fl,fo,fs,ft,fz,ga,ge,gg,gh,gi,gl,gm,gn,go,gs,gt,gu,gy,ha,he,hf,hg,hi,hl,hm,hn,ho,hr,hs,ht,hu,hy,ia,ib,id,ie,if,ig,ih,ii,ij,ik,il,im,in,io,ip,ir,is,it,ix,iz,ja,jc,je,ji,jl,jo,js,ka,ke,kh,ki,kk,ko,ks,ku,ky,la,lb,lc,ld,le,lf,lg,li,lk,ll,lm,ln,lo,lp,ls,lt,lu,ly,lz,ma,mb,me,mi,ml,mm,mo,mp,ms,mu,my,mz,na,nc,nd,ne,nf,ng,nh,ni,nk,nn,no,nq,ns,nt,nu,ny,nz,oc,od,oh,ok,ol,om,on,or,os,ot,ou,ow,pa,pe,pf,ph,pi,pl,po,pp,ps,pt,pu,py,ra,rb,rc,rd,re,rf,rg,ri,rk,rl,rm,rn,ro,rp,rr,rs,rt,ru,rw,ry,rz,sa,se,sh,si,sk,sl,so,sp,ss,st,su,sy,sz,ta,te,th,ti,tl,to,tr,ts,tt,tu,ty,tz,ua,ud,uf,ug,ui,uk,ul,um,un,up,ur,us,ut,uw,ux,uz,va,ve,vi,vn,vo,vs,vy,wa,wc,we,wi,wo,ws,wt,wy,xa,xe,xi,xt,xx,xy,ya,yb,yd,ye,yh,yi,yk,yl,ym,yn,yo,yr,ys,yt,yu,za,zb,zc,ze,zg,zh,zi,zk,zm,zo,zr,zs,zu,zy"
f,"aa,ab,ae,af,ah,ai,al,am,an,aq,ar,as,at,au,aw,ax,ay,az,ca,ea,ed,ee,eh,ei,ek,el,en,eo,er,es,et,ew,ex,ey,ez,fa,fe,fi,fl,fo,fs,ft,fy,fz,ge,ia,ic,id,ie,if,ig,ii,ik,il,im,in,io,iq,ir,is,it,ix,iz,je,ka,ke,ki,ko,ky,la,le,li,lo,ly,na,ne,nu,ny,oa,oe,og,ok,on,oo,or,os,ou,ov,ow,ox,oy,oz,ra,re,ri,ro,ru,ry,sa,so,st,ta,te,th,ti,tl,to,ts,tu,ty,tz,ua,ud,ue,uh,ul,um,un,ur,us,ut,ya,ye,yn,za,zu"
g,"aa,ab,ac,ad,ag,ai,aj,al,am,an,ao,ar,as,at,au,av,aw,ax,ay,az,ba,be,bo,bu,by,ca,ck,co,da,de,do,du,dy,ea,eb,ed,ee,eh,ei,el,em,en,eo,er,es,et,ev,ex,ey,ez,ga,ge,gi,go,gs,gu,gy,ha,he,hf,hi,hn,ho,hs,ht,hu,hy,ia,ib,ic,id,ie,il,im,in,io,ip,ir,is,it,ix,iz,ji,la,le,li,lo,lu,ly,ma,mi,mo,na,ne,ni,no,ns,ny,oa,ob,oc,od,oe,og,oh,oi,ok,ol,om,on,oo,or,os,ot,ou,ov,ow,oy,oz,ra,re,ri,ro,rt,ru,ry,sa,so,st,sy,te,th,ts,tu,ua,ub,ud,ue,ui,ul,um,un,uo,ur,us,ut,uu,uy,uz,ve,wa,we,wu,ya,ye,yi,yn,ys"
h,"aa,ab,ac,ad,ae,af,ag,ah,ai,aj,ak,al,am,an,ao,ap,aq,ar,as,at,au,av,aw,ax,ay,az,ba,be,bi,by,ca,co,da,de,di,dy,ea,eb,ec,ed,ee,ef,eg,eh,ei,ej,ek,el,em,en,eo,ep,er,es,et,eu,ev,ew,ey,ez,ff,fy,ge,gi,go,ia,ib,ic,id,ie,if,ig,ih,ii,ik,il,im,in,io,ip,ir,is,it,iu,iv,ix,iz,ja,je,ji,ka,ke,ki,ko,ky,la,le,lf,li,lk,ll,lm,lo,ls,lt,ly,ma,me,mi,ms,mu,my,na,nd,ne,ng,ni,nk,nl,no,ns,nu,ny,nz,oa,ob,oc,od,oe,of,oh,oi,ok,ol,om,on,oo,op,oq,or,os,ot,ou,ov,ow,oy,oz,pe,pi,ra,re,ri,rl,rn,ro,rs,rt,ry,sa,se,sh,si,st,su,ta,te,ti,tl,to,ts,tu,ty,tz,ua,ub,uc,ud,ue,uf,ug,uh,ui,uk,ul,um,un,uo,up,uq,ur,us,ut,uu,uw,ux,uy,uz,va,vi,wa,we,wu,ya,ye,yk,yl,ym,yn,yr,ys,yu,za,zi"
i,"aa,ab,ac,ad,ag,ah,ai,aj,ak,al,am,an,ao,ap,aq,ar,as,at,au,av,aw,ay,az,ba,bb,be,bh,bi,bl,bn,bo,bs,bt,bu,by,ca,cc,ce,ch,ci,ck,co,cs,ct,cu,cy,cz,da,dd,de,dh,di,dl,do,ds,dt,du,dy,ea,eb,ec,ed,ee,ef,eg,eh,ei,ej,ek,el,em,en,ep,er,es,et,eu,ev,ew,ex,ey,ez,fa,fe,ff,fi,fl,fo,ft,fu,fy,ga,ge,gg,gh,gi,gk,gl,gn,go,gs,gt,gu,gy,ha,he,hl,hm,hn,ho,hr,hs,hu,hy,ia,ie,ig,ik,il,im,in,ir,is,ja,je,ji,jk,jn,jo,js,ju,ka,ke,kh,ki,ko,ks,kt,ku,ky,la,lb,ld,le,lf,lg,lh,li,lj,lk,ll,lm,lo,lp,ls,lt,lu,ly,lz,ma,mb,me,mi,mm,mo,mp,ms,mu,my,mz,na,nc,nd,ne,ng,nh,ni,nk,nl,nn,no,ns,nt,nu,nx,ny,nz,oa,od,oe,oi,ok,ol,om,on,op,or,os,ot,ou,ow,ox,oy,oz,pa,pe,pf,ph,pi,po,pp,ps,py,qi,ra,rc,rd,re,rf,ri,rk,rl,rm,rn,ro,rr,rs,rt,ru,ry,rz,sa,se,sh,si,sk,sl,sm,so,sp,ss,st,su,sy,sz,ta,te,th,ti,tl,to,ts,tt,tu,ty,tz,ud,ue,uh,uk,ul,um,un,us,uz,va,ve,vi,vo,vu,vy,wa,we,wi,wo,wu,wy,xa,xe,xi,xo,xt,xx,ya,ye,yi,yo,yr,yu,za,ze,zi,zk,zo,zr,zu,zy"
j,"ab,ac,ad,ae,ag,ah,ai,aj,ak,al,am,an,ao,ar,as,at,au,aw,ax,ay,az,ca,ci,da,di,du,ea,eb,ec,ed,ee,ei,ek,el,em,en,ep,er,es,et,eu,ew,ex,ey,ez,ha,ia,ib,ic,id,ie,ih,ii,ik,il,im,in,io,ip,ir,is,it,iu,iv,ja,ka,ko,la,li,ma,mi,na,no,ny,oa,ob,oc,oe,og,oh,oi,oj,ok,ol,on,oo,or,os,ot,ou,ow,oy,pe,qi,ra,ri,ru,sa,si,ta,ua,ud,ue,ui,ul,um,un,ur,us,ut,vi,wa"
k,"ab,ac,ad,ae,af,ah,ai,aj,ak,al,am,an,ao,ap,ar,as,at,au,aw,ay,az,by,da,dy,ea,eb,ed,ee,eh,ei,el,em,en,eo,er,es,et,ew,ey,ez,ha,hi,ho,hu,hy,ia,ib,ic,id,ie,if,ih,ij,ik,il,im,in,io,ip,ir,is,it,iu,iw,ix,iy,ka,ke,ki,ko,la,le,li,lo,lu,ly,ma,na,ne,no,ny,oa,ob,oc,oe,of,og,oh,oi,oj,ok,ol,om,on,oo,op,or,os,ot,ou,ov,ow,ox,oy,oz,pa,pe,po,ra,rc,re,ri,ro,ru,ry,sa,se,sh,si,so,st,su,sy,ta,th,ti,ua,ub,uc,ue,uh,ui,uk,ul,um,un,uo,up,ur,us,ut,uy,uz,wa,we,wo,wu,ya,ye,yi,ym,yn,yo,yr,yu,yy"
l,"aa,ab,ac,ad,ae,af,ag,ah,ai,aj,ak,al,am,an,ao,ap,ar,as,at,au,av,aw,ax,ay,az,ba,be,bi,bl,bo,bs,bu,by,ca,ce,ch,ci,ck,co,cu,cy,cz,da,de,di,do,ds,dt,du,dy,dz,ea,eb,ec,ed,ee,ef,eg,eh,ei,ej,ek,el,em,en,eo,ep,er,es,et,eu,ev,ew,ex,ey,ez,fa,fe,ff,fi,fo,fs,ft,fy,ga,ge,gh,go,ha,hi,ho,ia,ib,ic,id,ie,if,ig,ih,ii,ij,ik,il,im,in,io,ip,iq,ir,is,it,iu,iv,ix,iy,iz,ja,je,ji,ju,ka,ke,ki,kl,ko,ks,ky,la,ld,le,lf,lg,li,ln,lo,lr,ls,lt,lu,ly,lz,ma,me,mi,mo,ms,my,na,ne,nn,no,nu,ny,oa,ob,oc,od,oe,of,og,oh,oi,oj,ok,ol,om,on,oo,op,or,os,ot,ou,ov,ow,ox,oy,oz,pa,pe,ph,pi,po,pp,ps,ra,re,ry,sa,se,sh,si,so,ss,st,sy,sz,ta,te,th,ti,tl,to,ts,ty,tz,ua,ub,uc,ud,ue,uf,ug,uh,ui,uk,ul,um,un,uo,up,ur,us,ut,uu,uv,ux,uy,uz,va,ve,vi,vo,vy,wa,we,wo,ya,ye,yh,yi,yk,ym,yn,yo,yr,ys,yu,yx,za,ze,zi,zl,zo,zu,zy"
m,"aa,ac,ad,ae,ag,ah,ai,aj,ak,al,am,an,ao,ar,as,at,au,av,aw,ax,ay,az,ba,bd,be,bi,bo,bs,bt,bu,by,ch,co,da,de,di,do,dt,dy,ea,ec,ed,ee,eg,eh,ei,ek,el,em,en,eo,er,es,et,eu,ew,ex,ey,ez,fi,fo,ge,go,ha,he,hi,ia,ic,id,ie,ig,ih,ii,ik,il,im,in,io,ip,ir,is,it,iu,ix,iz,ji,ka,ke,ko,la,le,li,lo,ly,ma,me,mi,ml,mo,ms,mu,my,na,ni,nn,ny,oa,oc,od,oe,og,oh,oi,ok,ol,om,on,oo,or,os,ot,ou,ov,ow,ox,oy,oz,pa,pe,pf,ph,pi,pl,po,pp,ps,pt,py,ra,re,ri,ro,rt,ry,rz,sa,se,si,sl,so,su,sy,ta,te,ts,tz,ua,ud,ue,uf,ug,uh,ui,uk,ul,um,un,ur,us,ut,uy,uz,wi,ya,yd,yk,yn,yo,yr,yt,yx,za,ze,zi,zy"
n,"aa,ab,ac,ad,ae,af,ag,ah,ai,aj,ak,al,am,an,ao,ap,ar,as,at,au,av,aw,ax,ay,az,ba,be,bi,bo,by,ca,ce,ch,ci,ck,cl,co,cu,cy,cz,da,de,dh,di,dl,do,dr,ds,dt,du,dy,dz,ea,eb,ec,ed,ee,ef,eh,ei,ek,el,em,en,eo,ep,er,es,et,eu,ev,ew,ex,ey,ez,fa,ff,fi,fo,ft,ga,ge,gg,gh,gi,gk,gl,go,gs,gu,gy,ha,hi,ho,hu,ia,ic,id,ie,if,ig,ii,ik,il,im,in,io,ip,iq,ir,is,it,iu,iv,iw,ix,iy,iz,ja,je,jh,ji,jo,ju,jy,ka,ke,ki,kl,ko,ks,ky,la,le,li,lu,ly,ma,mi,mo,mu,my,na,ne,ni,no,ns,nu,ny,oa,ob,oc,od,oe,of,og,oh,oi,oj,ok,ol,om,on,oo,op,or,os,ot,ou,ov,ow,ox,oy,oz,ra,re,ri,ro,ry,sa,se,sh,si,sk,so,ss,st,su,sy,sz,ta,te,th,ti,tl,to,ts,tt,tu,ty,tz,ua,ue,ug,uh,ui,uj,uk,ul,um,un,uo,up,ur,us,ut,uu,uy,uz,vi,vy,wa,we,wu,xi,xu,xx,ya,ye,yi,yk,ym,yn,yo,ys,yu,yx,yy,za,ze,zi,zl,zo,zy"
o,"aa,ab,ac,ad,af,ag,ah,ai,ak,al,am,an,ao,ap,ar,as,at,au,av,ay,az,ba,bb,be,bh,bi,bl,bo,bs,bu,by,ca,ce,ch,ci,ck,co,cq,cu,cy,da,dd,de,dh,di,dl,do,dr,ds,dt,du,dy,eb,ed,ee,ef,eg,eh,ei,ek,el,em,en,ep,er,es,et,ev,ew,ey,ez,fa,fd,fe,ff,fi,fo,fs,ft,fu,fy,ga,gd,ge,gg,gh,gi,gl,gn,go,gs,gt,gu,gy,ha,hd,he,hf,hi,hl,hm,hn,ho,hr,hs,ht,hy,ia,ic,id,ie,ig,ii,ik,il,in,io,ir,is,it,ix,iz,ja,je,ji,jo,jt,ju,ka,ke,ki,ko,ks,ku,kx,ky,la,lb,lc,ld,le,lf,li,lk,ll,lm,ln,lo,lp,ls,lt,lu,ly,lz,ma,mb,me,mi,mm,mo,mp,ms,mu,my,na,nc,nd,ne,ng,ni,nk,nl,nn,no,ns,nt,nu,nx,ny,nz,ob,od,oe,of,og,oh,oi,oj,ok,ol,om,on,op,oq,or,os,ot,ox,oy,oz,pa,pe,pf,ph,pi,po,pp,ps,py,qi,ra,rb,rc,rd,re,rf,rg,ri,rk,rl,rm,rn,ro,rp,rr,rs,rt,ru,ry,rz,sa,se,sh,si,sk,sn,so,sp,ss,st,su,sy,sz,ta,te,th,ti,tl,to,tr,ts,tt,tu,ty,tz,ua,ub,uc,ud,ue,uf,ug,uh,ui,uk,ul,um,un,up,uq,ur,us,ut,uw,ux,uy,uz,va,ve,vi,vk,vo,vu,vy,wa,wd,we,wh,wk,wl,wn,wo,ws,wu,wy,xe,xi,xo,xx,xy,ya,yd,ye,yi,yk,yl,yo,ys,yt,yu,za,zd,ze,zi,zo,zu,zy"
p,"aa,ac,ad,ae,ah,ai,aj,ak,al,am,an,ao,ap,ar,as,at,au,av,aw,ax,ay,az,ca,ea,ec,ed,ee,eh,ei,ek,el,en,eo,er,es,et,ew,ex,ey,ez,fe,ff,fi,fl,ha,he,hi,hl,ho,hs,hu,hy,ia,ic,id,ie,ig,ii,ik,il,im,in,io,ip,ir,is,it,iz,ji,ka,ke,ki,ko,ky,la,le,li,lo,ly,ma,no,oc,oe,og,oh,oi,ok,ol,om,on,oo,op,or,os,ot,ou,ov,ow,ox,oy,oz,pa,pe,pi,pl,po,ps,pu,py,ra,re,ri,ro,ry,sa,se,so,st,sy,ta,te,ti,tt,tz,ua,uc,ue,uk,um,un,ur,us,ut,uu,uy,uz,yc,yd,ye,ym,yn,yo,za"
q,"ai,an,ar,as,at,el,ez,ib,il,in,iu,ra,sa,ua,ub,ue,ui,uo,us,uy,uz,vi,wa"
r,"aa,ab,ac,ad,ae,af,ag,ah,ai,aj,ak,al,am,an,ao,ap,aq,ar,as,at,au,av,aw,ax,ay,az,ba,be,bi,bo,bs,bu,by,ca,ce,ch,ci,ck,co,cq,cu,cy,cz,da,de,dg,di,do,ds,dt,du,dy,ea,eb,ec,ed,ee,ef,eg,eh,ei,ej,ek,el,em,en,eo,ep,eq,er,es,et,eu,ev,ew,ex,ey,ez,fa,fe,ff,fi,fo,fs,ft,fy,ga,ge,gh,gi,gl,go,gs,gt,gy,ha,he,hi,hm,hn,ho,hu,ia,ib,ic,id,ie,if,ig,ii,ik,il,im,in,io,ip,iq,ir,is,it,iu,iv,ix,iy,iz,ja,je,ji,jo,ju,ka,ke,ki,kl,ko,ks,kt,ku,kx,ky,la,ld,le,li,ll,lo,ls,lt,ly,ma,me,mi,mo,ms,mu,my,na,nd,ne,ng,ni,nn,no,ns,nt,nu,ny,nz,oa,ob,oc,od,oe,of,og,oh,oi,oj,ok,ol,om,on,oo,op,or,os,ot,ou,ov,ow,ox,oy,oz,pa,pe,pf,ph,pi,po,pp,ps,py,ra,rd,re,rh,ri,ro,rs,ru,ry,rz,sa,se,sh,si,sk,so,ss,st,su,sy,sz,ta,te,th,ti,tl,to,ts,tt,tu,ty,tz,ua,ub,uc,ud,ue,uf,ug,uh,ui,uk,ul,um,un,uo,up,uq,us,ut,uu,uv,ux,uy,uz,va,ve,vi,vo,vu,vy,wa,we,xa,ya,yb,yc,yd,ye,yf,yg,yk,yl,ym,yn,yo,yp,ys,yt,yu,yx,yz,za,ze,zi,zl,zo,zt,zu,zy"
s,"aa,ab,ac,ad,ae,af,ag,ah,ai,aj,ak,al,am,an,ao,ap,ar,as,at,au,av,aw,ax,ay,be,by,ca,ce,ch,ci,co,cu,cy,da,do,dz,ea,eb,ec,ed,ee,ef,eh,ei,ej,ek,el,em,en,eo,er,es,et,eu,ev,ew,ex,ey,ez,fa,fu,ga,ge,go,ha,he,hi,ho,ht,hu,hy,ia,ib,ic,id,ie,if,ig,ih,ik,il,im,in,io,ip,iq,ir,is,it,iu,iv,ix,iy,je,ka,ke,ki,ko,ky,la,le,li,lo,ly,ma,me,mi,mo,na,ne,ni,no,ny,oa,oc,od,oe,of,og,oh,oi,ok,ol,om,on,oo,op,or,os,ot,ou,ov,ow,ox,oy,pa,pe,ph,pi,pn,po,py,qu,ra,rb,ri,ro,rp,ry,sa,se,si,sl,so,sr,st,su,sy,ta,te,th,ti,tl,to,tr,tu,ty,tz,ua,ub,ud,ue,uf,uh,ui,uk,ul,um,un,uo,up,ur,us,ut,uy,vi,wa,we,ya,yd,ye,yk,yl,ym,yn,ys,yx,za,ze,zk"
t,"aa,ab,ac,ad,ae,af,ag,ah,ai,aj,ak,al,am,an,ao,ap,aq,ar,as,at,au,av,aw,ax,ay,az,ba,by,ch,co,cu,ea,eb,ec,ed,ee,ef,eg,eh,ei,ej,ek,el,em,en,eo,ep,er,es,et,eu,ev,ew,ex,ey,ez,fi,fy,ge,gi,ha,he,hi,hm,ho,hs,hu,hy,ia,ib,ic,id,ie,if,ig,ih,ii,ij,ik,il,im,in,io,iq,ir,is,it,iu,iv,ix,iz,ja,je,jo,ka,ke,ki,ko,ky,la,le,li,lo,lu,ly,ma,na,ne,ni,no,ny,oa,ob,oc,od,oe,of,og,oh,oi,oj,ok,ol,om,on,oo,op,or,os,ot,ou,ov,ow,ox,oy,ra,re,ri,ro,ru,ry,sa,se,si,so,su,sy,ta,td,te,th,ti,tl,to,ts,tu,ty,tz,ua,ub,uc,ud,ue,ug,ui,uj,uk,ul,um,un,up,ur,us,ut,uy,uz,va,vi,wa,we,wi,wu,wy,xa,ya,ye,yi,yk,yl,ym,yn,yo,yr,ys,yx,za,ze,zi,zl,zo,zy"
u,"aa,ac,ad,ae,ag,ah,ai,ak,al,am,an,ar,as,at,ax,ay,az,ba,bb,be,bh,bi,bl,bo,bp,bs,bt,bu,by,ca,ce,ch,ci,ck,co,cs,cy,cz,da,dd,de,dh,di,do,ds,dt,du,dy,dz,ea,eb,ec,ed,ee,ef,eg,eh,ei,ek,el,em,en,eo,ep,er,es,et,ex,ey,ez,fa,fe,ff,fi,fo,fs,ft,ga,ge,gg,gh,gi,gn,go,gs,gt,gu,gy,ha,he,hf,hi,hl,hm,hn,ho,hr,hs,ht,hy,ia,ib,ic,id,ie,if,ig,ih,ik,il,im,in,io,ir,is,it,iz,ja,ji,jo,ju,ka,ke,kh,ki,ko,ks,kt,ku,la,lb,lc,ld,le,lf,li,lk,ll,lm,lo,lp,ls,lt,lu,lx,ly,lz,ma,mb,me,mi,ml,mm,mn,mo,mp,ms,mu,my,mz,na,nc,nd,ne,ng,ni,nk,nn,no,ns,nt,nu,ny,nz,ob,of,og,oi,ol,on,op,or,os,ot,ox,oy,pa,pe,pf,pi,po,pp,ps,pt,pu,py,qi,ra,rb,rd,re,rf,rg,rh,ri,rk,rl,rm,rn,ro,rp,rr,rs,rt,ru,ry,rz,sa,se,sh,si,sk,so,ss,st,su,sy,sz,ta,te,th,ti,to,ts,tt,tu,ty,tz,ua,ud,uk,ul,un,ur,us,ut,va,ve,vi,vo,vu,vy,wa,we,xa,xe,xi,xo,xx,ya,ye,yf,yi,yk,yl,ym,yn,yo,ys,yt,za,ze,zi,zo,zu,zy,zz"
v,"aa,ab,ac,ae,ah,ai,aj,ak,al,am,an,ao,ap,ar,as,at,ay,az,ba,ci,da,de,ea,ec,ed,ee,eh,ei,ek,el,en,eo,er,es,et,eu,ey,ez,hn,ia,ic,id,ie,ig,ii,ij,ik,il,im,in,io,ir,is,it,iv,ix,iy,iz,je,ji,jo,ka,ki,ko,ky,la,lk,lo,lu,ly,na,ne,ni,oa,oc,oe,og,oi,ok,ol,on,or,os,ot,ou,ov,ow,oy,ra,re,ri,ro,ry,sa,ud,ue,uk,ur,us,uu,uz,va,vy,ya,ye,yn"
w,"aa,ab,ad,ae,af,ag,ah,ai,aj,ak,al,am,an,aq,ar,as,at,aw,ax,ay,az,by,ca,co,da,de,di,ds,du,dy,eb,ec,ed,ee,eg,eh,ei,ek,el,em,en,er,es,et,ey,go,ha,hi,hy,ia,ic,id,ie,ig,ik,il,im,in,is,it,ix,ka,ke,ko,ks,la,le,ls,na,nd,ne,ng,no,ns,ny,oa,ob,oc,od,ok,ol,on,oo,or,os,ot,ox,oy,pe,ra,ri,ro,ry,sa,se,th,ty,ud,ul,um,un,uu,wa,we,ye,yk,yn,ys,ze,zi,zy"
x,"ah,ai,aj,al,am,an,ao,as,ay,be,by,co,cy,ec,ee,ei,el,em,en,er,es,ey,ha,ia,ie,ii,il,im,in,io,is,it,iu,le,li,ll,oe,om,on,os,ot,ow,sa,ta,te,to,ue,um,us,xa,xi,ya,yl,yn,ys"
y,"aa,ab,ac,ad,ae,ag,ah,ai,ak,al,am,an,ao,ap,aq,ar,as,at,au,av,aw,ax,ay,az,ba,be,bl,bo,by,ca,ce,ch,ci,ck,co,cy,cz,da,dd,de,di,dn,do,ds,dt,du,dy,dz,ea,eb,ed,ee,ef,eg,eh,ei,ek,el,em,en,eo,ep,er,es,et,eu,ev,ew,ez,fe,ff,ft,ga,ge,gg,gh,gi,go,ha,he,hi,hl,hn,hr,ia,ib,id,ie,ih,ik,il,im,in,ip,ir,is,iu,ja,jo,ka,ke,ki,ko,ks,la,ld,le,li,ll,ln,lo,lr,ls,lu,ly,lz,ma,me,mi,mm,mn,mo,ms,mz,na,nd,ne,ng,nh,ni,nk,nn,no,ns,nt,nx,oa,ob,oc,od,oe,og,oh,ok,ol,om,on,oo,or,os,ot,ou,ov,ow,ox,oy,pa,pe,pp,pt,qi,ra,rd,re,ri,rk,rl,rn,ro,rs,rz,sa,se,sh,si,sk,sl,sn,so,ss,st,sy,sz,ta,te,th,ti,ts,tt,ua,ub,ud,ue,ug,uh,ui,uk,ul,um,un,up,us,ut,uz,va,ve,vi,vn,wa,xx,ya,za,ze,zi,zo,zy"
z,"ab,ac,ad,ae,ah,ai,aj,ak,al,am,an,ao,ap,aq,ar,as,at,au,av,aw,ay,az,ba,be,by,ca,co,cz,da,di,dz,ea,eb,ec,ed,ee,ef,eg,eh,ei,ej,ek,el,em,en,eo,ep,er,es,et,ev,ey,ga,ge,ha,he,hi,ho,hu,ia,ib,ic,id,ie,ig,ik,il,im,in,io,ir,is,iu,iv,iz,ja,ka,ke,ki,ko,ky,la,le,li,lo,ly,ma,me,mi,my,na,ne,no,ny,oa,oc,oe,og,oh,oi,ok,ol,om,on,oo,op,or,os,ot,ou,ov,ow,oy,oz,pe,ra,ri,sa,si,so,ta,ts,ua,ub,ug,uk,ul,um,un,uo,up,ur,ut,vi,wa,ya,yb,ye,yk,yl,yn,ys,yz,za,ze,zi,zo,zu,zy"
